graph_size (n),density,edge_count,algorithm,trial,max_flow_result,solve_time,setup_time,total_time
10,0.1,9,cplex,1,5.0,0.0007768000014038989,0.015217099999063066,0.015993900000466965
10,0.1,9,ford-fulkerson,1,5,1.3999999282532372e-05,6.8999997893115506e-06,2.0899999071843922e-05
10,0.1,9,Edmonds-Karp,1,5,1.6699999832781032e-05,5.300000339047983e-06,2.2000000171829015e-05
10,0.1,9,cplex,2,6.0,0.0004227999997965526,0.005975399999442743,0.006398199999239296
10,0.1,9,ford-fulkerson,2,6,1.4500001270789653e-05,6.600001142942347e-06,2.1100002413732e-05
10,0.1,9,Edmonds-Karp,2,6,1.4200000805431046e-05,6.399999620043673e-06,2.0600000425474718e-05
10,0.1,9,cplex,3,4.0,0.00047389999963343143,0.006190699999933713,0.0066645999995671446
10,0.1,9,ford-fulkerson,3,4,2.7300000510876998e-05,1.2999998943996616e-05,4.0299999454873614e-05
10,0.1,9,Edmonds-Karp,3,4,1.6099998902063817e-05,7.5000007200287655e-06,2.3599999622092582e-05
10,0.1,9,cplex,4,1.0,0.0003971999994973885,0.007256799999595387,0.007653999999092775
10,0.1,9,ford-fulkerson,4,1,1.2399999832268804e-05,6.70000008540228e-06,1.9099999917671084e-05
10,0.1,9,Edmonds-Karp,4,1,1.3999999282532372e-05,5.000001692678779e-06,1.900000097521115e-05
10,0.1,9,cplex,5,3.0,0.00041140000030281954,0.006471099999544094,0.006882499999846914
10,0.1,9,ford-fulkerson,5,3,1.1399999493733048e-05,6.599999323952943e-06,1.799999881768599e-05
10,0.1,9,Edmonds-Karp,5,3,1.2599999536178075e-05,5.199999577598646e-06,1.779999911377672e-05
10,0.3,27,cplex,1,12.0,0.0006733000009262469,0.006725999999616761,0.007399300000543008
10,0.3,27,ford-fulkerson,1,12,3.97000003431458e-05,1.3299999409355223e-05,5.2999999752501026e-05
10,0.3,27,Edmonds-Karp,1,12,1.6400001186411828e-05,1.1800000720540993e-05,2.820000190695282e-05
10,0.3,27,cplex,2,13.0,0.0005682999999407912,0.006603199999517528,0.0071714999994583195
10,0.3,27,ford-fulkerson,2,13,2.4599999960628338e-05,1.340000017080456e-05,3.80000001314329e-05
10,0.3,27,Edmonds-Karp,2,13,1.469999915570952e-05,1.06999996205559e-05,2.539999877626542e-05
10,0.3,27,cplex,3,50.0,0.000566400000025169,0.00656170000002021,0.007128100000045379
10,0.3,27,ford-fulkerson,3,50,0.00012419999984558672,1.320000046689529e-05,0.000137400000312482
10,0.3,27,Edmonds-Karp,3,50,4.8400001105619594e-05,1.630000042496249e-05,6.470000153058209e-05
10,0.3,27,cplex,4,23.0,0.0006085000004532048,0.007306100000278093,0.007914600000731298
10,0.3,27,ford-fulkerson,4,23,4.819999958272092e-05,1.4600000213249587e-05,6.279999979597051e-05
10,0.3,27,Edmonds-Karp,4,23,3.670000114652794e-05,1.3900000340072438e-05,5.060000148660038e-05
10,0.3,27,cplex,5,10.0,0.00068959999953222,0.007436500000039814,0.008126099999572034
10,0.3,27,ford-fulkerson,5,10,3.8500000300700776e-05,2.1299998479662463e-05,5.979999878036324e-05
10,0.3,27,Edmonds-Karp,5,10,2.6100000468431972e-05,1.1399999493733048e-05,3.749999996216502e-05
10,0.5,45,cplex,1,68.0,0.0006379000005836133,0.0076265999996394385,0.008264500000223052
10,0.5,45,ford-fulkerson,1,68,0.00010400000064691994,2.2100000933278352e-05,0.0001261000015801983
10,0.5,45,Edmonds-Karp,1,68,3.870000000461005e-05,1.6699999832781032e-05,5.539999983739108e-05
10,0.5,45,cplex,2,42.0,0.0006333000001177425,0.0072362999999313615,0.007869600000049104
10,0.5,45,ford-fulkerson,2,42,0.00010029999975813553,1.959999826794956e-05,0.00011989999802608509
10,0.5,45,Edmonds-Karp,2,42,5.1799999710056e-05,2.0199999198666774e-05,7.199999890872277e-05
10,0.5,45,cplex,3,62.0,0.000588400000196998,0.008678100000906852,0.00926650000110385
10,0.5,45,ford-fulkerson,3,62,0.00010769999971671496,2.0200001017656177e-05,0.00012790000073437113
10,0.5,45,Edmonds-Karp,3,62,4.499999886320438e-05,1.7500000467407517e-05,6.24999993306119e-05
10,0.5,45,cplex,4,75.0,0.0006086000012146542,0.00752930000089691,0.008137900002111564
10,0.5,45,ford-fulkerson,4,75,0.00014740000005986076,2.029999996011611e-05,0.00016770000001997687
10,0.5,45,Edmonds-Karp,4,75,6.060000123397913e-05,1.6899999536690302e-05,7.750000077066943e-05
10,0.5,45,cplex,5,76.0,0.000563900000997819,0.006917599999724189,0.007481500000722008
10,0.5,45,ford-fulkerson,5,76,0.00013049999870418105,2.029999996011611e-05,0.00015079999866429716
10,0.5,45,Edmonds-Karp,5,76,6.009999924572185e-05,1.8999999156221747e-05,7.90999984019436e-05
10,0.7,62,cplex,1,70.0,0.0006071999996493105,0.007786600001054467,0.008393800000703777
10,0.7,62,ford-fulkerson,1,70,0.00018140000065614004,2.4400000256719068e-05,0.0002058000009128591
10,0.7,62,Edmonds-Karp,1,70,6.22000006842427e-05,2.1699999706470408e-05,8.39000003907131e-05
10,0.7,62,cplex,2,67.0,0.0006009999997331761,0.007306699999389821,0.007907699999122997
10,0.7,62,ford-fulkerson,2,67,0.00012740000056510326,2.6300000172341242e-05,0.0001537000007374445
10,0.7,62,Edmonds-Karp,2,67,7.46000005165115e-05,2.3999999029911123e-05,9.859999954642262e-05
10,0.7,62,cplex,3,43.0,0.0005865999992238358,0.007313199999771314,0.00789979999899515
10,0.7,62,ford-fulkerson,3,43,0.0001126000006479444,2.4000000848900527e-05,0.00013660000149684492
10,0.7,62,Edmonds-Karp,3,43,3.219999962311704e-05,2.159999894502107e-05,5.379999856813811e-05
10,0.7,62,cplex,4,58.0,0.0006135000003268942,0.007169599999542697,0.0077830999998695916
10,0.7,62,ford-fulkerson,4,58,0.00010509999992791563,2.4700000722077675e-05,0.0001298000006499933
10,0.7,62,Edmonds-Karp,4,58,6.629999916185625e-05,2.170000152545981e-05,8.800000068731606e-05
10,0.7,62,cplex,5,48.0,0.0005808000005345093,0.0073236000007455004,0.00790440000128001
10,0.7,62,ford-fulkerson,5,48,0.00010780000047816429,2.4400000256719068e-05,0.00013220000073488336
10,0.7,62,Edmonds-Karp,5,48,4.140000055485871e-05,2.370000038354192e-05,6.510000093840063e-05
10,0.9,72,cplex,1,64.0,0.0006031000011716969,0.007437099999151542,0.008040200000323239
10,0.9,72,ford-fulkerson,1,64,0.00015250000069499947,3.0499999411404133e-05,0.0001830000001064036
10,0.9,72,Edmonds-Karp,1,64,6.659999962721486e-05,2.6499999876250513e-05,9.309999950346537e-05
10,0.9,72,cplex,2,77.0,0.00061200000163808,0.009475200000451878,0.010087200002089958
10,0.9,72,ford-fulkerson,2,77,0.00017120000120485201,2.6699999580159783e-05,0.0001979000007850118
10,0.9,72,Edmonds-Karp,2,77,7.929999992484227e-05,2.5600000299164094e-05,0.00010490000022400636
10,0.9,72,cplex,3,73.0,0.0006006999992678175,0.007564699999420554,0.008165399998688372
10,0.9,72,ford-fulkerson,3,73,0.00013749999925494194,2.8599999495781958e-05,0.0001660999987507239
10,0.9,72,Edmonds-Karp,3,73,7.400000140478369e-05,3.04000004689442e-05,0.00010440000187372789
10,0.9,72,cplex,4,86.0,0.0006807999998272862,0.007845199999792385,0.008525999999619671
10,0.9,72,ford-fulkerson,4,86,0.00015579999853798654,2.700000004551839e-05,0.00018279999858350493
10,0.9,72,Edmonds-Karp,4,86,4.240000089339446e-05,2.4899998606997542e-05,6.7299999500392e-05
10,0.9,72,cplex,5,94.0,0.0006407000000763219,0.007472499999494175,0.008113199999570497
10,0.9,72,ford-fulkerson,5,94,0.0001875000016298145,2.7600000976235606e-05,0.0002151000026060501
10,0.9,72,Edmonds-Karp,5,94,8.039999920583796e-05,2.5100000129896216e-05,0.00010549999933573417
10,1,72,cplex,1,103.0,0.0005481999996845843,0.007438800001182244,0.007987000000866828
10,1,72,ford-fulkerson,1,103,0.0001869000006990973,2.6300000172341242e-05,0.00021320000087143853
10,1,72,Edmonds-Karp,1,103,6.609999945794698e-05,2.4599999960628338e-05,9.069999941857532e-05
10,1,72,cplex,2,89.0,0.0006296999999904074,0.007844200001272839,0.008473900001263246
10,1,72,ford-fulkerson,2,89,0.0001691999987087911,2.6499999876250513e-05,0.0001956999985850416
10,1,72,Edmonds-Karp,2,89,8.119999984046444e-05,2.390000008745119e-05,0.00010509999992791563
10,1,72,cplex,3,95.0,0.0006584999991900986,0.00793100000009872,0.008589499999288819
10,1,72,ford-fulkerson,3,95,0.00019410000095376745,2.7600000976235606e-05,0.00022170000193000305
10,1,72,Edmonds-Karp,3,95,6.819999907747842e-05,2.5699999241624027e-05,9.389999831910245e-05
10,1,72,cplex,4,86.0,0.0006212000007508323,0.0075552999987849034,0.008176499999535736
10,1,72,ford-fulkerson,4,86,0.00020940000104019418,2.9400000130408444e-05,0.00023880000117060263
10,1,72,Edmonds-Karp,4,86,6.970000140427146e-05,2.59000007645227e-05,9.560000216879416e-05
10,1,72,cplex,5,82.0,0.0005850999987160321,0.009236099998815916,0.009821199997531949
10,1,72,ford-fulkerson,5,82,0.000148899998748675,2.6699999580159783e-05,0.00017559999832883477
10,1,72,Edmonds-Karp,5,82,8.479999996779952e-05,3.5600000046542846e-05,0.00012040000001434237
20,0.1,38,cplex,1,17.0,0.0006327999999484746,0.007758899999316782,0.008391699999265256
20,0.1,38,ford-fulkerson,1,17,9.330000102636404e-05,2.0700001186924055e-05,0.0001140000022132881
20,0.1,38,Edmonds-Karp,1,17,3.0399998649954796e-05,1.5999999959603883e-05,4.639999860955868e-05
20,0.1,38,cplex,2,14.0,0.0005737999999837484,0.0070475000011356315,0.00762130000111938
20,0.1,38,ford-fulkerson,2,14,9.099999988393392e-05,1.9100001736660488e-05,0.00011010000162059441
20,0.1,38,Edmonds-Karp,2,14,2.8500000553322025e-05,1.759999940986745e-05,4.6099999963189475e-05
20,0.1,38,cplex,3,35.0,0.0005915000001550652,0.0071238000000448665,0.007715300000199932
20,0.1,38,ford-fulkerson,3,35,0.00012889999925391749,1.8999999156221747e-05,0.00014789999841013923
20,0.1,38,Edmonds-Karp,3,35,5.250000140222255e-05,1.6299998605973087e-05,6.880000000819564e-05
20,0.1,38,cplex,4,22.0,0.0006016000006638933,0.007416299999022158,0.008017899999686051
20,0.1,38,ford-fulkerson,4,22,6.70000008540228e-05,2.2899999748915434e-05,8.990000060293823e-05
20,0.1,38,Edmonds-Karp,4,22,4.260000059730373e-05,2.9599999834317714e-05,7.220000043162145e-05
20,0.1,38,cplex,5,1.0,0.0006048000013834098,0.007641600001079496,0.008246400002462906
20,0.1,38,ford-fulkerson,5,1,2.7200001568417065e-05,1.9999999494757503e-05,4.720000106317457e-05
20,0.1,38,Edmonds-Karp,5,1,1.900000097521115e-05,1.559999873279594e-05,3.459999970800709e-05
20,0.3,114,cplex,1,51.0,0.0007533999996667262,0.008585399998992216,0.009338799998658942
20,0.3,114,ford-fulkerson,1,51,0.0003448999996180646,5.2999999752501026e-05,0.00039789999937056564
20,0.3,114,Edmonds-Karp,1,51,0.00010069999916595407,4.0899998566601425e-05,0.0001415999977325555
20,0.3,114,cplex,2,73.0,0.0007599999989906792,0.008827899999232613,0.009587899998223293
20,0.3,114,ford-fulkerson,2,73,0.0007900999989942648,4.9199999921256676e-05,0.0008392999989155214
20,0.3,114,Edmonds-Karp,2,73,0.00013209999997343402,4.579999949783087e-05,0.0001778999994712649
20,0.3,114,cplex,3,37.0,0.0007357000013143988,0.01053700000011304,0.011272700001427438
20,0.3,114,ford-fulkerson,3,37,0.00032670000109646935,4.690000059781596e-05,0.0003736000016942853
20,0.3,114,Edmonds-Karp,3,37,0.00012380000043776818,4.010000156995375e-05,0.00016390000200772192
20,0.3,114,cplex,4,33.0,0.0007507999998779269,0.008898199999748613,0.00964899999962654
20,0.3,114,ford-fulkerson,4,33,0.00022900000112713315,4.9500000386615284e-05,0.00027850000151374843
20,0.3,114,Edmonds-Karp,4,33,4.670000089390669e-05,4.140000055485871e-05,8.81000014487654e-05
20,0.3,114,cplex,5,46.0,0.0007409999998344574,0.008931999998821993,0.00967299999865645
20,0.3,114,ford-fulkerson,5,46,0.00021720000040659215,4.740000076708384e-05,0.000264600001173676
20,0.3,114,Edmonds-Karp,5,46,5.6999999287654646e-05,4.220000118948519e-05,9.920000047713984e-05
20,0.5,190,cplex,1,99.0,0.0008823000007396331,0.010291399999914574,0.011173700000654208
20,0.5,190,ford-fulkerson,1,99,0.0006639000002905959,7.230000119307078e-05,0.0007362000014836667
20,0.5,190,Edmonds-Karp,1,99,0.0001754000004439149,6.430000030377414e-05,0.00023970000074768905
20,0.5,190,cplex,2,87.0,0.0008683999985805713,0.010430899999846588,0.01129929999842716
20,0.5,190,ford-fulkerson,2,87,0.0005541999998968095,7.689999983995222e-05,0.0006310999997367617
20,0.5,190,Edmonds-Karp,2,87,0.0002361999995628139,6.600000051548705e-05,0.00030220000007830095
20,0.5,190,cplex,3,66.0,0.0008641999993415084,0.010267700001350022,0.01113190000069153
20,0.5,190,ford-fulkerson,3,66,0.0005405000010796357,7.100000038917642e-05,0.0006115000014688121
20,0.5,190,Edmonds-Karp,3,66,0.00015609999900334515,6.310000026132911e-05,0.00021919999926467426
20,0.5,190,cplex,4,154.0,0.0008659999984956812,0.010161500000322121,0.011027499998817802
20,0.5,190,ford-fulkerson,4,154,0.0011501999997562962,7.689999983995222e-05,0.0012270999995962484
20,0.5,190,Edmonds-Karp,4,154,0.00025240000104531646,8.08000004326459e-05,0.00033320000147796236
20,0.5,190,cplex,5,121.0,0.0008932000000640983,0.011904699998922297,0.012797899998986395
20,0.5,190,ford-fulkerson,5,121,0.0011557000016182428,0.00010859999929380137,0.0012643000009120442
20,0.5,190,Edmonds-Karp,5,121,0.00025490000007266644,6.310000026132911e-05,0.00031800000033399556
20,0.7,266,cplex,1,162.0,0.0010022000005847076,0.01623239999935322,0.017234599999937927
20,0.7,266,ford-fulkerson,1,162,0.0013865999990230193,9.259999933419749e-05,0.0014791999983572168
20,0.7,266,Edmonds-Karp,1,162,0.0004547000007733004,9.210000098391902e-05,0.0005468000017572194
20,0.7,266,cplex,2,85.0,0.000992999999652966,0.011593699999139062,0.012586699998792028
20,0.7,266,ford-fulkerson,2,85,0.0005478999992192257,9.099999988393392e-05,0.0006388999991031596
20,0.7,266,Edmonds-Karp,2,85,0.00012910000077681616,0.00010469999870110769,0.00023379999947792385
20,0.7,266,cplex,3,160.0,0.0010008999997808132,0.011507400000482448,0.012508300000263262
20,0.7,266,ford-fulkerson,3,160,0.001479799999287934,9.529999988444615e-05,0.0015750999991723802
20,0.7,266,Edmonds-Karp,3,160,0.0002461000003677327,8.720000005268957e-05,0.0003333000004204223
20,0.7,266,cplex,4,132.0,0.0009983999989344738,0.011627200001385063,0.012625600000319537
20,0.7,266,ford-fulkerson,4,132,0.0011007000011886703,9.999999929277692e-05,0.0012007000004814472
20,0.7,266,Edmonds-Karp,4,132,0.00023239999973156955,9.01000003068475e-05,0.00032250000003841706
20,0.7,266,cplex,5,80.0,0.0009312000001955312,0.01167150000037509,0.012602700000570621
20,0.7,266,ford-fulkerson,5,80,0.0006219000006240094,9.280000085709617e-05,0.0007147000014811056
20,0.7,266,Edmonds-Karp,5,80,0.00016109999887703452,8.580000030633528e-05,0.0002468999991833698
20,0.9,342,cplex,1,207.0,0.0011231999997107778,0.013231499999164953,0.01435469999887573
20,0.9,342,ford-fulkerson,1,207,0.0014575999994121958,0.00012619999870366883,0.0015837999981158646
20,0.9,342,Edmonds-Karp,1,207,0.0003715999991982244,0.00010610000026645139,0.0004776999994646758
20,0.9,342,cplex,2,217.0,0.001106699999581906,0.014907400000083726,0.016014099999665632
20,0.9,342,ford-fulkerson,2,217,0.0015940000012051314,0.00010860000111279078,0.0017026000023179222
20,0.9,342,Edmonds-Karp,2,217,0.00033149999944726005,0.00011190000077476725,0.0004434000002220273
20,0.9,342,cplex,3,179.0,0.0010896000003413064,0.01322259999869857,0.014312199999039876
20,0.9,342,ford-fulkerson,3,179,0.0011432000010245247,0.00011000000085914508,0.0012532000018836698
20,0.9,342,Edmonds-Karp,3,179,0.00039180000021588057,0.00010920000022451859,0.0005010000004403992
20,0.9,342,cplex,4,201.0,0.0010558000012679258,0.013022500001170556,0.014078300002438482
20,0.9,342,ford-fulkerson,4,201,0.001442200000383309,0.00011170000107085798,0.001553900001454167
20,0.9,342,Edmonds-Karp,4,201,0.00031230000058712903,0.00011110000014014076,0.0004234000007272698
20,0.9,342,cplex,5,202.0,0.001100100000257953,0.013069500000710832,0.014169600000968785
20,0.9,342,ford-fulkerson,5,202,0.001482600000599632,0.00014059999921300914,0.0016231999998126412
20,0.9,342,Edmonds-Karp,5,202,0.0003376000004209345,0.0001066999993781792,0.0004442999997991137
20,1,342,cplex,1,195.0,0.001075799998943694,0.013139900000169291,0.014215699999112985
20,1,342,ford-fulkerson,1,195,0.0012877999997726874,0.0001128999992943136,0.001400699999067001
20,1,342,Edmonds-Karp,1,195,0.000322599998980877,0.00011010000162059441,0.0004327000006014714
20,1,342,cplex,2,197.0,0.0010905999988608528,0.013219500000559492,0.014310099999420345
20,1,342,ford-fulkerson,2,197,0.0013094999994791579,0.00011270000140939374,0.0014222000008885516
20,1,342,Edmonds-Karp,2,197,0.00029859999995096587,0.0001114999995479593,0.00041009999949892517
20,1,342,cplex,3,202.0,0.0010640999989846023,0.01483139999982086,0.015895499998805462
20,1,342,ford-fulkerson,3,202,0.0011692000007315073,0.00010889999975915998,0.0012781000004906673
20,1,342,Edmonds-Karp,3,202,0.00035200000093027484,0.00010909999946306925,0.0004611000003933441
20,1,342,cplex,4,176.0,0.0011015000000043074,0.01313549999940733,0.014236999999411637
20,1,342,ford-fulkerson,4,176,0.0011954000001423992,0.00011249999988649506,0.0013079000000288943
20,1,342,Edmonds-Karp,4,176,0.00028869999914604705,0.00011089999861724209,0.00039959999776328914
20,1,342,cplex,5,188.0,0.0010868000008485978,0.01313769999978831,0.014224500000636908
20,1,342,ford-fulkerson,5,188,0.001480200000514742,0.0001109000004362315,0.0015911000009509735
20,1,342,Edmonds-Karp,5,188,0.0003550000001268927,0.00011550000090210233,0.00047050000102899503
50,0.1,245,cplex,1,62.0,0.0010605999996187165,0.012654400001338217,0.013715000000956934
50,0.1,245,ford-fulkerson,1,62,0.001901099998576683,0.00010599999950500205,0.002007099998081685
50,0.1,245,Edmonds-Karp,1,62,0.00031849999868427403,8.770000022195745e-05,0.0004061999989062315
50,0.1,245,cplex,2,58.0,0.0010308000000804896,0.01253069999984291,0.013561499999923399
50,0.1,245,ford-fulkerson,2,58,0.001122199999372242,0.00011009999980160501,0.001232299999173847
50,0.1,245,Edmonds-Karp,2,58,0.00038049999966460746,8.689999958733097e-05,0.0004673999992519384
50,0.1,245,cplex,3,48.0,0.0011532000007719034,0.012741499998810468,0.013894699999582372
50,0.1,245,ford-fulkerson,3,48,0.0012423999996826751,0.00010709999878599774,0.0013494999984686729
50,0.1,245,Edmonds-Karp,3,48,0.00017389999993611127,8.779999916441739e-05,0.00026169999910052866
50,0.1,245,cplex,4,8.0,0.0010297999997419538,0.014431099998546415,0.015460899998288369
50,0.1,245,ford-fulkerson,4,8,0.00029580000045825727,0.0001036000012391014,0.0003994000016973587
50,0.1,245,Edmonds-Karp,4,8,7.60000002628658e-05,8.549999984097667e-05,0.00016150000010384247
50,0.1,245,cplex,5,33.0,0.0010860000002139714,0.01240210000105435,0.013488100001268322
50,0.1,245,ford-fulkerson,5,33,0.0008933999997680075,0.0001033000007737428,0.0009967000005417503
50,0.1,245,Edmonds-Karp,5,33,0.00016399999913119245,8.709999929124024e-05,0.0002510999984224327
50,0.3,735,cplex,1,136.0,0.0019146999984513968,0.022853099999338156,0.024767799997789552
50,0.3,735,ford-fulkerson,1,136,0.004756899999847519,0.0002930999999080086,0.005049999999755528
50,0.3,735,Edmonds-Karp,1,136,0.0011851999988721218,0.0002604000001156237,0.0014455999989877455
50,0.3,735,cplex,2,161.0,0.0019105000010313233,0.023096999999324908,0.02500750000035623
50,0.3,735,ford-fulkerson,2,161,0.005268999999316293,0.00028079999901819974,0.0055497999983344926
50,0.3,735,Edmonds-Karp,2,161,0.0011162000009790063,0.00026230000003124587,0.0013785000010102522
50,0.3,735,cplex,3,157.0,0.002003100000365521,0.02484560000084457,0.02684870000121009
50,0.3,735,ford-fulkerson,3,157,0.004657299999962561,0.0002884999994421378,0.004945799999404699
50,0.3,735,Edmonds-Karp,3,157,0.001064300000507501,0.00025009999990288634,0.0013144000004103873
50,0.3,735,cplex,4,176.0,0.002065700000457582,0.02305510000041977,0.025120800000877352
50,0.3,735,ford-fulkerson,4,176,0.005403600000136066,0.00028510000083770137,0.005688700000973768
50,0.3,735,Edmonds-Karp,4,176,0.0011341999997966923,0.0002465999987180112,0.0013807999985147035
50,0.3,735,cplex,5,117.0,0.0019302000000607222,0.023041200000079698,0.02497140000014042
50,0.3,735,ford-fulkerson,5,117,0.0035693000008905074,0.00029010000071139075,0.003859400001601898
50,0.3,735,Edmonds-Karp,5,117,0.0007599000000482192,0.0002623999989737058,0.001022299999021925
50,0.5,1225,cplex,1,215.0,0.0027075999987573596,0.03355410000040138,0.036261699999158736
50,0.5,1225,ford-fulkerson,1,215,0.006979699999646982,0.00045310000132303685,0.007432800000970019
50,0.5,1225,Edmonds-Karp,1,215,0.0014531000015267637,0.0004059000002598623,0.001859000001786626
50,0.5,1225,cplex,2,282.0,0.002832699999999022,0.035231500000008964,0.038064200000007986
50,0.5,1225,ford-fulkerson,2,282,0.009920399999828078,0.0004436999988683965,0.010364099998696474
50,0.5,1225,Edmonds-Karp,2,282,0.001478500000303029,0.00041419999979552813,0.0018927000000985572
50,0.5,1225,cplex,3,263.0,0.0028265000000828877,0.03369389999897976,0.03652039999906265
50,0.5,1225,ford-fulkerson,3,263,0.008139499999742839,0.00042500000017753337,0.008564499999920372
50,0.5,1225,Edmonds-Karp,3,263,0.0012483999998949002,0.00038359999962267466,0.001631999999517575
50,0.5,1225,cplex,4,266.0,0.002917299998443923,0.0336420999992697,0.036559399997713626
50,0.5,1225,ford-fulkerson,4,266,0.008840100001179962,0.0004332999997131992,0.009273400000893162
50,0.5,1225,Edmonds-Karp,4,266,0.0013378999992710305,0.00043560000085562933,0.0017735000001266599
50,0.5,1225,cplex,5,170.0,0.0025265999993280275,0.03506310000011581,0.03758969999944384
50,0.5,1225,ford-fulkerson,5,170,0.00559629999952449,0.00042500000017753337,0.006021299999702023
50,0.5,1225,Edmonds-Karp,5,170,0.0012403000000631437,0.00039119999928516336,0.001631499999348307
50,0.7,1715,cplex,1,333.0,0.003682700000354089,0.043862700000318,0.04754540000067209
50,0.7,1715,ford-fulkerson,1,333,0.01109319999886793,0.0005634999997710111,0.011656699998638942
50,0.7,1715,Edmonds-Karp,1,333,0.0023027999995974824,0.0005774000001110835,0.002880199999708566
50,0.7,1715,cplex,2,360.0,0.004070999999385094,0.044217499998921994,0.04828849999830709
50,0.7,1715,ford-fulkerson,2,360,0.011875099999087979,0.0006135999992693542,0.012488699998357333
50,0.7,1715,Edmonds-Karp,2,360,0.002502400000594207,0.0005944000004092231,0.0030968000010034302
50,0.7,1715,cplex,3,377.0,0.00382030000037048,0.04597939999985101,0.04979970000022149
50,0.7,1715,ford-fulkerson,3,377,0.012175899999419926,0.0005609999989246717,0.012736899998344597
50,0.7,1715,Edmonds-Karp,3,377,0.0026895999999396736,0.0005715000006603077,0.0032611000005999813
50,0.7,1715,cplex,4,361.0,0.0036457999995036516,0.044333699999697274,0.047979499999200925
50,0.7,1715,ford-fulkerson,4,361,0.011363600000549923,0.0005609999989246717,0.011924599999474594
50,0.7,1715,Edmonds-Karp,4,361,0.002443499999571941,0.000565999998798361,0.003009499998370302
50,0.7,1715,cplex,5,393.0,0.0035078999990219017,0.043750400000135414,0.047258299999157316
50,0.7,1715,ford-fulkerson,5,393,0.015857899999900837,0.0005904999998165295,0.016448399999717367
50,0.7,1715,Edmonds-Karp,5,393,0.002418400001261034,0.0005648000005749054,0.0029832000018359395
50,0.9,2205,cplex,1,533.0,0.004364500000519911,0.0554162999997061,0.05978080000022601
50,0.9,2205,ford-fulkerson,1,533,0.017896299999847542,0.0007202000015240628,0.018616500001371605
50,0.9,2205,Edmonds-Karp,1,533,0.0027619000011327444,0.0007107000001269625,0.003472600001259707
50,0.9,2205,cplex,2,443.0,0.004387200000564917,0.05574470000101428,0.0601319000015792
50,0.9,2205,ford-fulkerson,2,443,0.015180899999904796,0.0006998000008024974,0.015880700000707293
50,0.9,2205,Edmonds-Karp,2,443,0.0024169000007532304,0.0007163999998738291,0.0031333000006270595
50,0.9,2205,cplex,3,444.0,0.004463199999008793,0.058162799999990966,0.06262599999899976
50,0.9,2205,ford-fulkerson,3,444,0.014215999999578344,0.0007253000003402121,0.014941299999918556
50,0.9,2205,Edmonds-Karp,3,444,0.0025545000007696217,0.0007095000000845175,0.003264000000854139
50,0.9,2205,cplex,4,428.0,0.004251199999998789,0.057740000000194414,0.0619912000001932
50,0.9,2205,ford-fulkerson,4,428,0.01486309999927471,0.0006876999996165978,0.015550799998891307
50,0.9,2205,Edmonds-Karp,4,428,0.0029564000014943304,0.0007052000000840053,0.0036616000015783357
50,0.9,2205,cplex,5,467.0,0.004644399999961024,0.07010009999976319,0.07474449999972421
50,0.9,2205,ford-fulkerson,5,467,0.016429400000561145,0.0007346000002144137,0.01716400000077556
50,0.9,2205,Edmonds-Karp,5,467,0.0027721999995264923,0.0007253999992826721,0.0034975999988091644
50,1,2352,cplex,1,542.0,0.004621400001269649,0.05817399999978079,0.06279540000105044
50,1,2352,ford-fulkerson,1,542,0.016344600000593346,0.0007275999996636529,0.017072200000257
50,1,2352,Edmonds-Karp,1,542,0.0031620999998267507,0.0007764999991195509,0.003938599998946302
50,1,2352,cplex,2,507.0,0.004932300000291434,0.06926039999962086,0.07419269999991229
50,1,2352,ford-fulkerson,2,507,0.01801309999973455,0.000755600000047707,0.018768699999782257
50,1,2352,Edmonds-Karp,2,507,0.003441299999394687,0.0007547000004706206,0.0041959999998653075
50,1,2352,cplex,3,466.0,0.004594300000462681,0.05774019999989832,0.062334500000361004
50,1,2352,ford-fulkerson,3,466,0.015329199999541743,0.0007241000002977671,0.01605329999983951
50,1,2352,Edmonds-Karp,3,466,0.0030292999999801395,0.0008081000014499296,0.003837400001430069
50,1,2352,cplex,4,516.0,0.0046701999999640975,0.05721050000101968,0.06188070000098378
50,1,2352,ford-fulkerson,4,516,0.016158200000063516,0.000750700000935467,0.016908900000998983
50,1,2352,Edmonds-Karp,4,516,0.003074600001127692,0.0007646000012755394,0.0038392000024032313
50,1,2352,cplex,5,449.0,0.004673999999795342,0.060270100000707316,0.06494410000050266
50,1,2352,ford-fulkerson,5,449,0.014178699999320088,0.000717699998858734,0.014896399998178822
50,1,2352,Edmonds-Karp,5,449,0.002215700000306242,0.0007497000005969312,0.0029654000009031733
100,0.1,990,cplex,1,79.0,0.00254539999878034,0.03287840000120923,0.03542379999998957
100,0.1,990,ford-fulkerson,1,79,0.005107200000566081,0.00041419999979552813,0.005521400000361609
100,0.1,990,Edmonds-Karp,1,79,0.00130899999930989,0.00035539999953471124,0.0016643999988446012
100,0.1,990,cplex,2,83.0,0.0027036000010411954,0.033043700001144316,0.03574730000218551
100,0.1,990,ford-fulkerson,2,83,0.00511000000005879,0.00207589999990887,0.00718589999996766
100,0.1,990,Edmonds-Karp,2,83,0.0012587000001076376,0.00035370000114198774,0.0016124000012496253
100,0.1,990,cplex,3,69.0,0.0024586999988969183,0.033075599998483085,0.03553429999738
100,0.1,990,ford-fulkerson,3,69,0.004181599999355967,0.0004126999992877245,0.004594299998643692
100,0.1,990,Edmonds-Karp,3,69,0.0010260999988531694,0.0003569999989849748,0.0013830999978381442
100,0.1,990,cplex,4,86.0,0.0027759000004152767,0.03265540000029432,0.0354313000007096
100,0.1,990,ford-fulkerson,4,86,0.004341899999417365,0.00041590000000724103,0.004757799999424606
100,0.1,990,Edmonds-Karp,4,86,0.001301199999943492,0.0003512999992381083,0.0016524999991816003
100,0.1,990,cplex,5,68.0,0.0025079000006371643,0.03289279999989958,0.035400700000536744
100,0.1,990,ford-fulkerson,5,68,0.004123900000195135,0.0004231999992043711,0.0045470999993995065
100,0.1,990,Edmonds-Karp,5,68,0.0013324999999895226,0.0003613999997469364,0.001693899999736459
100,0.3,2970,cplex,1,263.0,0.006223100001079729,0.07965110000077402,0.08587420000185375
100,0.3,2970,ford-fulkerson,1,263,0.019984000000476954,0.0012150999991717981,0.02119909999964875
100,0.3,2970,Edmonds-Karp,1,263,0.005166400000234717,0.0010696999997890089,0.0062361000000237254
100,0.3,2970,cplex,2,272.0,0.006493099999715923,0.08156420000159414,0.08805730000131007
100,0.3,2970,ford-fulkerson,2,272,0.01790219999929832,0.0011510000003909227,0.01905319999968924
100,0.3,2970,Edmonds-Karp,2,272,0.0032375999999203486,0.0010339000000385568,0.004271499999958905
100,0.3,2970,cplex,3,361.0,0.00636569999915082,0.08069760000034876,0.08706329999949958
100,0.3,2970,ford-fulkerson,3,361,0.026582000000416883,0.0011520999996719183,0.0277341000000888
100,0.3,2970,Edmonds-Karp,3,361,0.005402900000262889,0.0010354000005463604,0.0064383000008092495
100,0.3,2970,cplex,4,259.0,0.006078899999920395,0.08167999999932363,0.08775889999924402
100,0.3,2970,ford-fulkerson,4,259,0.018255599999974947,0.0011738999983208487,0.019429499998295796
100,0.3,2970,Edmonds-Karp,4,259,0.004936999999699765,0.0010288000012224074,0.005965800000922172
100,0.3,2970,cplex,5,223.0,0.006337099999655038,0.08095380000122532,0.08729090000088036
100,0.3,2970,ford-fulkerson,5,223,0.01577220000035595,0.0011544999997568084,0.01692670000011276
100,0.3,2970,Edmonds-Karp,5,223,0.0033702999990055105,0.0009946999998646788,0.004364999998870189
100,0.5,4950,cplex,1,488.0,0.01497410000047239,0.12726029999976163,0.14223440000023402
100,0.5,4950,ford-fulkerson,1,488,0.03576029999931052,0.0017511999994894722,0.03751149999879999
100,0.5,4950,Edmonds-Karp,1,488,0.006779900000765338,0.0016219999997701962,0.008401900000535534
100,0.5,4950,cplex,2,580.0,0.014211599998816382,0.1280516999995598,0.14226329999837617
100,0.5,4950,ford-fulkerson,2,580,0.04465640000125859,0.0017826000002969522,0.04643900000155554
100,0.5,4950,Edmonds-Karp,2,580,0.009926200000336394,0.001665200001298217,0.01159140000163461
100,0.5,4950,cplex,3,491.0,0.014290700000856305,0.12772430000040913,0.14201500000126543
100,0.5,4950,ford-fulkerson,3,491,0.03749749999951746,0.0017555999984324444,0.0392530999979499
100,0.5,4950,Edmonds-Karp,3,491,0.009555700000419165,0.0016584000004513655,0.01121410000087053
100,0.5,4950,cplex,4,539.0,0.015554499999780091,0.127683500000785,0.14323800000056508
100,0.5,4950,ford-fulkerson,4,539,0.04268459999912011,0.0017372999991493998,0.04442189999826951
100,0.5,4950,Edmonds-Karp,4,539,0.007840199999918696,0.0016689000003680121,0.009509100000286708
100,0.5,4950,cplex,5,540.0,0.015006400000856956,0.13219960000060382,0.14720600000146078
100,0.5,4950,ford-fulkerson,5,540,0.04154089999974531,0.0017714000005071284,0.043312300000252435
100,0.5,4950,Edmonds-Karp,5,540,0.00923280000097293,0.0016888999998627696,0.010921700000835699
100,0.7,6930,cplex,1,755.0,0.018065700000079232,0.17982040000060806,0.1978861000006873
100,0.7,6930,ford-fulkerson,1,755,0.060819600001195795,0.002354600001126528,0.06317420000232232
100,0.7,6930,Edmonds-Karp,1,755,0.014080099999773665,0.0023552000002382556,0.01643530000001192
100,0.7,6930,cplex,2,698.0,0.01756550000027346,0.17643839999982447,0.19400390000009793
100,0.7,6930,ford-fulkerson,2,698,0.06380969999918307,0.0024832999988575466,0.06629299999804061
100,0.7,6930,Edmonds-Karp,2,698,0.012083800000254996,0.0024171000004571397,0.014500900000712136
100,0.7,6930,cplex,3,750.0,0.0186279999998078,0.17663790000005974,0.19526589999986754
100,0.7,6930,ford-fulkerson,3,750,0.05714350000016566,0.002372700000705663,0.05951620000087132
100,0.7,6930,Edmonds-Karp,3,750,0.0127823000002536,0.0023636000005353708,0.01514590000078897
100,0.7,6930,cplex,4,720.0,0.019841100000121514,0.1926356999993004,0.21247679999942193
100,0.7,6930,ford-fulkerson,4,720,0.06304650000129186,0.0024403000006714137,0.06548680000196327
100,0.7,6930,Edmonds-Karp,4,720,0.014420499999687308,0.002375299998675473,0.01679579999836278
100,0.7,6930,cplex,5,650.0,0.018679999999221764,0.1732241999998223,0.19190419999904407
100,0.7,6930,ford-fulkerson,5,650,0.0644535999999789,0.002426999999443069,0.06688059999942197
100,0.7,6930,Edmonds-Karp,5,650,0.014703500000905478,0.0023223999996844213,0.0170259000005899
100,0.9,8910,cplex,1,939.0,0.023465700000087963,0.22213679999913438,0.24560249999922235
100,0.9,8910,ford-fulkerson,1,939,0.07484920000024431,0.002800599999318365,0.07764979999956267
100,0.9,8910,Edmonds-Karp,1,939,0.020082699998965836,0.0029199000000517117,0.023002599999017548
100,0.9,8910,cplex,2,955.0,0.021535399999265792,0.23470260000067356,0.25623799999993935
100,0.9,8910,ford-fulkerson,2,955,0.07637749999958032,0.002792299999782699,0.07916979999936302
100,0.9,8910,Edmonds-Karp,2,955,0.019143800000165356,0.003001099999892176,0.022144900000057532
100,0.9,8910,cplex,3,906.0,0.023731199999019736,0.24034469999969588,0.2640758999987156
100,0.9,8910,ford-fulkerson,3,906,0.07015680000040447,0.002896700001656427,0.0730535000020609
100,0.9,8910,Edmonds-Karp,3,906,0.02038610000090557,0.002924299998994684,0.023310399999900255
100,0.9,8910,cplex,4,853.0,0.022117500000604196,0.22191620000012335,0.24403370000072755
100,0.9,8910,ford-fulkerson,4,853,0.0775208000013663,0.0029047000007267343,0.08042550000209303
100,0.9,8910,Edmonds-Karp,4,853,0.013986099998874124,0.002960699999675853,0.016946799998549977
100,0.9,8910,cplex,5,924.0,0.02275509999890346,0.22662380000110716,0.24937890000001062
100,0.9,8910,ford-fulkerson,5,924,0.07173139999940759,0.002842699999746401,0.07457409999915399
100,0.9,8910,Edmonds-Karp,5,924,0.015448099999048281,0.0030275000008259667,0.018475599999874248
100,1,9702,cplex,1,1008.0,0.023440599999958067,0.24241040000015346,0.2658510000001115
100,1,9702,ford-fulkerson,1,1008,0.08281739999983984,0.0030999999999039574,0.0859173999997438
100,1,9702,Edmonds-Karp,1,1008,0.020005899999887333,0.0031541999996989034,0.023160099999586237
100,1,9702,cplex,2,1086.0,0.02370880000125908,0.26317480000034266,0.28688360000160174
100,1,9702,ford-fulkerson,2,1086,0.08817529999942053,0.003101599999354221,0.09127689999877475
100,1,9702,Edmonds-Karp,2,1086,0.01807820000067295,0.0031424999997398118,0.021220700000412762
100,1,9702,cplex,3,950.0,0.021002100000259816,0.242824599999949,0.2638267000002088
100,1,9702,ford-fulkerson,3,950,0.07194849999905273,0.003025800000614254,0.07497429999966698
100,1,9702,Edmonds-Karp,3,950,0.018839300000763615,0.0030972999993537087,0.021936600000117323
100,1,9702,cplex,4,993.0,0.021278500000335043,0.24739080000108515,0.2686693000014202
100,1,9702,ford-fulkerson,4,993,0.07772250000016356,0.0030203999995137565,0.08074289999967732
100,1,9702,Edmonds-Karp,4,993,0.012382200000502053,0.003147399998852052,0.015529599999354105
100,1,9702,cplex,5,959.0,0.023395800000798772,0.24664479999955802,0.2700406000003568
100,1,9702,ford-fulkerson,5,959,0.07357690000026196,0.0034563999997772044,0.07703330000003916
100,1,9702,Edmonds-Karp,5,959,0.016959200000201236,0.0031808000003366033,0.02014000000053784
250,0.1,6225,cplex,1,259.0,0.01880890000029467,0.2131812000006903,0.23199010000098497
250,0.1,6225,ford-fulkerson,1,259,0.04982110000128159,0.002653400000781403,0.052474500002062996
250,0.1,6225,Edmonds-Karp,1,259,0.011943800000153715,0.00233479999951669,0.014278599999670405
250,0.1,6225,cplex,2,239.0,0.01846279999881517,0.21627840000110155,0.23474119999991672
250,0.1,6225,ford-fulkerson,2,239,0.04711200000019744,0.0026033999984065304,0.04971539999860397
250,0.1,6225,Edmonds-Karp,2,239,0.011916800000108196,0.0023385999993479345,0.014255399999456131
250,0.1,6225,cplex,3,274.0,0.017501800000900403,0.22219349999977567,0.23969530000067607
250,0.1,6225,ford-fulkerson,3,274,0.04889029999867489,0.002567999999882886,0.05145829999855778
250,0.1,6225,Edmonds-Karp,3,274,0.01170529999944847,0.0022332999997161096,0.01393859999916458
250,0.1,6225,cplex,4,273.0,0.01767930000096385,0.2391371000012441,0.25681640000220796
250,0.1,6225,ford-fulkerson,4,273,0.052922899998520734,0.0025974000000132946,0.05552029999853403
250,0.1,6225,Edmonds-Karp,4,273,0.018849399999453453,0.002263399999719695,0.02111279999917315
250,0.1,6225,cplex,5,327.0,0.01728270000057819,0.21515510000062932,0.2324378000012075
250,0.1,6225,ford-fulkerson,5,327,0.05931039999995846,0.0026066999998874962,0.06191709999984596
250,0.1,6225,Edmonds-Karp,5,327,0.013796499999443768,0.0022105999996711034,0.01600709999911487
250,0.3,18675,cplex,1,640.0,0.04729419999966922,0.6832383000000846,0.7305324999997538
250,0.3,18675,ford-fulkerson,1,640,0.173818699999174,0.007139100000131293,0.18095779999930528
250,0.3,18675,Edmonds-Karp,1,640,0.052242800000385614,0.008949499999289401,0.061192299999675015
250,0.3,18675,cplex,2,655.0,0.050989199999094126,0.6384406999986822,0.6894298999977764
250,0.3,18675,ford-fulkerson,2,655,0.1665145000006305,0.0069459999995160615,0.17346050000014657
250,0.3,18675,Edmonds-Karp,2,655,0.04539130000011937,0.006310300001132418,0.05170160000125179
250,0.3,18675,cplex,3,669.0,0.04372540000076697,0.7169033000009222,0.7606287000016891
250,0.3,18675,ford-fulkerson,3,669,0.12925920000088809,0.0070744000004197005,0.1363336000013078
250,0.3,18675,Edmonds-Karp,3,669,0.023980599999049446,0.006283900000198628,0.030264499999248073
250,0.3,18675,cplex,4,617.0,0.04480849999890779,0.6445881999989069,0.6893966999978147
250,0.3,18675,ford-fulkerson,4,617,0.150684000000183,0.006907900000442169,0.15759190000062517
250,0.3,18675,Edmonds-Karp,4,617,0.037556499999482185,0.006249699999898439,0.043806199999380624
250,0.3,18675,cplex,5,648.0,0.0503854999988107,0.6141122999997606,0.6644977999985713
250,0.3,18675,ford-fulkerson,5,648,0.16697339999882388,0.0071417999988625525,0.17411519999768643
250,0.3,18675,Edmonds-Karp,5,648,0.04648759999872709,0.006350500001644832,0.052838100000371924
250,0.5,31125,cplex,1,1260.0,0.08125660000041535,1.0661803000002692,1.1474369000006845
250,0.5,31125,ford-fulkerson,1,1260,0.2999629999994795,0.011086700000305427,0.31104969999978493
250,0.5,31125,Edmonds-Karp,1,1260,0.0862725999995746,0.010327399999368936,0.09659999999894353
250,0.5,31125,cplex,2,1213.0,0.08091009999952803,1.0611948000005214,1.1421049000000494
250,0.5,31125,ford-fulkerson,2,1213,0.2758663999993587,0.011624500000834814,0.2874909000001935
250,0.5,31125,Edmonds-Karp,2,1213,0.07692839999981516,0.010950300000331481,0.08787870000014664
250,0.5,31125,cplex,3,1219.0,0.07738609999978507,1.0272716999988916,1.1046577999986766
250,0.5,31125,ford-fulkerson,3,1219,0.3092487000012625,0.011379200001101708,0.3206279000023642
250,0.5,31125,Edmonds-Karp,3,1219,0.11010780000106024,0.010388200000306824,0.12049600000136707
250,0.5,31125,cplex,4,1213.0,0.07664980000117794,1.1041827999997622,1.1808326000009401
250,0.5,31125,ford-fulkerson,4,1213,0.2710530000003928,0.011346799999955692,0.2823998000003485
250,0.5,31125,Edmonds-Karp,4,1213,0.08238929999970424,0.010468000000400934,0.09285730000010517
250,0.5,31125,cplex,5,1259.0,0.0738699000012275,1.0783104999991338,1.1521804000003613
250,0.5,31125,ford-fulkerson,5,1259,0.33125529999961145,0.01129649999893445,0.3425517999985459
250,0.5,31125,Edmonds-Karp,5,1259,0.09656820000054722,0.010382799999206327,0.10695099999975355
250,0.7,43575,cplex,1,1759.0,0.11097710000103689,1.5508233000000473,1.6618004000010842
250,0.7,43575,ford-fulkerson,1,1759,0.39131260000067414,0.015138900000238209,0.40645150000091235
250,0.7,43575,Edmonds-Karp,1,1759,0.13129149999986112,0.014704400000482565,0.14599590000034368
250,0.7,43575,cplex,2,1860.0,0.11936389999937091,1.5544957999991311,1.673859699998502
250,0.7,43575,ford-fulkerson,2,1860,0.4836747999997897,0.015481700000236742,0.4991565000000264
250,0.7,43575,Edmonds-Karp,2,1860,0.15560589999950025,0.015024099999209284,0.17062999999870954
250,0.7,43575,cplex,3,1735.0,0.10355949999939185,1.5697432000015397,1.6733027000009315
250,0.7,43575,ford-fulkerson,3,1735,0.42939859999933105,0.015205699999569333,0.4446042999989004
250,0.7,43575,Edmonds-Karp,3,1735,0.14411519999885058,0.014508099999147817,0.1586232999979984
250,0.7,43575,cplex,4,1744.0,0.10437110000020766,1.5253388000000996,1.6297099000003072
250,0.7,43575,ford-fulkerson,4,1744,0.39190339999913704,0.015200099998764927,0.40710349999790196
250,0.7,43575,Edmonds-Karp,4,1744,0.13945719999901485,0.015340999998443294,0.15479819999745814
250,0.7,43575,cplex,5,1693.0,0.09902259999944363,1.6657121000007464,1.76473470000019
250,0.7,43575,ford-fulkerson,5,1693,0.471477799999775,0.016043199999330682,0.4875209999991057
250,0.7,43575,Edmonds-Karp,5,1693,0.15051520000088203,0.014951600000131293,0.16546680000101333
250,0.9,56025,cplex,1,2268.0,0.12864380000064557,1.9410950000001321,2.0697388000007777
250,0.9,56025,ford-fulkerson,1,2268,0.5241953000004287,0.018592800000988063,0.5427881000014168
250,0.9,56025,Edmonds-Karp,1,2268,0.21471380000002682,0.019054799999139505,0.23376859999916633
250,0.9,56025,cplex,2,2281.0,0.14775030000055267,1.9505076999994344,2.098257999999987
250,0.9,56025,ford-fulkerson,2,2281,0.6572075999993103,0.02101580000089598,0.6782234000002063
250,0.9,56025,Edmonds-Karp,2,2281,0.24853299999995215,0.019750899999053217,0.26828389999900537
250,0.9,56025,cplex,3,2367.0,0.12804209999922023,1.8455849999991187,1.973627099998339
250,0.9,56025,ford-fulkerson,3,2367,0.5474940000003699,0.019124700000247685,0.5666187000006175
250,0.9,56025,Edmonds-Karp,3,2367,0.2034376000010525,0.018477999999959138,0.22191560000101163
250,0.9,56025,cplex,4,2342.0,0.1247456000000966,1.9833754999999655,2.108121100000062
250,0.9,56025,ford-fulkerson,4,2342,0.6413006999991921,0.019047699999646284,0.6603483999988384
250,0.9,56025,Edmonds-Karp,4,2342,0.25607449999915843,0.019040799999856972,0.2751152999990154
250,0.9,56025,cplex,5,2421.0,0.12752459999865096,2.0279900000005,2.155514599999151
250,0.9,56025,ford-fulkerson,5,2421,0.6222534000007727,0.01983299999847077,0.6420863999992434
250,0.9,56025,Edmonds-Karp,5,2421,0.1987435999999434,0.01914329999999609,0.2178868999999395
250,1,61752,cplex,1,2422.0,0.13854100000025937,2.4239035999999032,2.5624446000001626
250,1,61752,ford-fulkerson,1,2422,0.5683555999985401,0.020488600001044688,0.5888441999995848
250,1,61752,Edmonds-Karp,1,2422,0.20584039999994275,0.020838300000832533,0.22667870000077528
250,1,61752,cplex,2,2483.0,0.13258940000014263,2.387456700000257,2.5200461000003997
250,1,61752,ford-fulkerson,2,2483,0.5956919999989623,0.020765100000062375,0.6164570999990246
250,1,61752,Edmonds-Karp,2,2483,0.22785149999981513,0.0229153000000224,0.25076679999983753
250,1,61752,cplex,3,2556.0,0.14174660000026051,2.3043902999997954,2.446136900000056
250,1,61752,ford-fulkerson,3,2556,0.6676843000004737,0.020204399999784073,0.6878887000002578
250,1,61752,Edmonds-Karp,3,2556,0.23824930000046152,0.021280000000842847,0.25952930000130436
250,1,61752,cplex,4,2440.0,0.1430233999999473,2.323218599998654,2.4662419999986014
250,1,61752,ford-fulkerson,4,2440,0.5673956999999064,0.020683200000348734,0.5880789000002551
250,1,61752,Edmonds-Karp,4,2440,0.21569970000018657,0.02102310000009311,0.23672280000027968
250,1,61752,cplex,5,2601.0,0.13756170000124257,2.2021396000000095,2.339701300001252
250,1,61752,ford-fulkerson,5,2601,0.7372336000007635,0.01986410000063188,0.7570977000013954
250,1,61752,Edmonds-Karp,5,2601,0.2676123000001098,0.02126210000096762,0.28887440000107745
500,0.1,24950,cplex,1,497.0,0.06160710000040126,1.3540924999997515,1.4156996000001527
500,0.1,24950,ford-fulkerson,1,497,0.2740250000006199,0.012157699999079341,0.28618269999969925
500,0.1,24950,Edmonds-Karp,1,497,0.08863709999968705,0.010139699999854201,0.09877679999954125
500,0.1,24950,cplex,2,440.0,0.06438270000035118,1.4171454999996058,1.481528199999957
500,0.1,24950,ford-fulkerson,2,440,0.23979590000089956,0.012347500000032596,0.25214340000093216
500,0.1,24950,Edmonds-Karp,2,440,0.06249289999868779,0.010265500000969041,0.07275839999965683
500,0.1,24950,cplex,3,464.0,0.061489699999583536,1.434876199999053,1.4963658999986365
500,0.1,24950,ford-fulkerson,3,464,0.23869729999933043,0.01265880000028119,0.2513560999996116
500,0.1,24950,Edmonds-Karp,3,464,0.09404759999961243,0.010492900000826921,0.10454050000043935
500,0.1,24950,cplex,4,554.0,0.0606435000008787,1.3566767000011168,1.4173202000019955
500,0.1,24950,ford-fulkerson,4,554,0.2962781999995059,0.012601999998878455,0.30888019999838434
500,0.1,24950,Edmonds-Karp,4,554,0.09748550000040268,0.010329499998988467,0.10781499999939115
500,0.1,24950,cplex,5,626.0,0.06391419999999925,1.3552055999989534,1.4191197999989527
500,0.1,24950,ford-fulkerson,5,626,0.3024731999994401,0.012562600000819657,0.31503580000025977
500,0.1,24950,Edmonds-Karp,5,626,0.10811830000056943,0.011018700000931858,0.11913700000150129
500,0.3,74850,cplex,1,1486.0,0.23256059999948775,4.140749900001538,4.3733105000010255
500,0.3,74850,ford-fulkerson,1,1486,0.8193622000017058,0.03623180000067805,0.8555940000023838
500,0.3,74850,Edmonds-Karp,1,1486,0.23064280000107829,0.03161790000012843,0.2622607000012067
500,0.3,74850,cplex,2,1466.0,0.22111389999918174,3.9253924999993615,4.146506399998543
500,0.3,74850,ford-fulkerson,2,1466,1.0265867000016442,0.0362609000003431,1.0628476000019873
500,0.3,74850,Edmonds-Karp,2,1466,0.38455640000029234,0.030969700001151068,0.4155261000014434
500,0.3,74850,cplex,3,1535.0,0.22777640000094834,4.086793399999806,4.314569800000754
500,0.3,74850,ford-fulkerson,3,1535,1.0082824000000983,0.03620829999999842,1.0444907000000967
500,0.3,74850,Edmonds-Karp,3,1535,0.30770080000002054,0.031627499998649,0.33932829999866954
500,0.3,74850,cplex,4,1362.0,0.20991610000055516,4.192822999999407,4.4027390999999625
500,0.3,74850,ford-fulkerson,4,1362,1.025414499999897,0.03653180000037537,1.0619463000002725
500,0.3,74850,Edmonds-Karp,4,1362,0.45076309999967634,0.031853700000283425,0.48261679999995977
500,0.3,74850,cplex,5,1435.0,0.22019389999877603,4.256004599999869,4.476198499998645
500,0.3,74850,ford-fulkerson,5,1435,1.0015475000000151,0.03600199999891629,1.0375494999989314
500,0.3,74850,Edmonds-Karp,5,1435,0.3969809999998688,0.031355400000393274,0.4283364000002621
500,0.5,124750,cplex,1,2728.0,0.40751730000010866,7.311274500001673,7.718791800001782
500,0.5,124750,ford-fulkerson,1,2728,1.878534800000125,0.07393530000081228,1.9524701000009372
500,0.5,124750,Edmonds-Karp,1,2728,0.9340630999995483,0.055168099999718834,0.9892311999992671
500,0.5,124750,cplex,2,2719.0,0.40887259999908565,7.566867399998955,7.975739999998041
500,0.5,124750,ford-fulkerson,2,2719,2.1459546000005503,0.05966869999974733,2.2056233000002976
500,0.5,124750,Edmonds-Karp,2,2719,1.0136528000002727,0.05315150000024005,1.0668043000005127
500,0.5,124750,cplex,3,2306.0,0.38224240000090504,7.11359469999843,7.495837099999335
500,0.5,124750,ford-fulkerson,3,2306,1.5837035000004107,0.0598587000004045,1.6435622000008152
500,0.5,124750,Edmonds-Karp,3,2306,0.8506801000003179,0.055733999999574735,0.9064140999998926
500,0.5,124750,cplex,4,2661.0,0.38149609999891254,7.28543770000033,7.666933799999242
500,0.5,124750,ford-fulkerson,4,2661,2.098488300000099,0.06090559999938705,2.159393899999486
500,0.5,124750,Edmonds-Karp,4,2661,0.9619314999999915,0.054557700001168996,1.0164892000011605
500,0.5,124750,cplex,5,2515.0,0.39848220000021684,7.17100980000032,7.569492000000537
500,0.5,124750,ford-fulkerson,5,2515,1.7852297999997973,0.06245809999927587,1.8476878999990731
500,0.5,124750,Edmonds-Karp,5,2515,0.8146092999995744,0.055743499999152846,0.8703527999987273
500,0.7,174650,cplex,1,3517.0,0.5722937999998976,11.20760269999846,11.779896499998358
500,0.7,174650,ford-fulkerson,1,3517,2.707952300001125,0.0817628999993758,2.7897152000005008
500,0.7,174650,Edmonds-Karp,1,3517,1.5789040999989084,0.07558160000007774,1.654485699998986
500,0.7,174650,cplex,2,3472.0,0.5158296999998129,11.393328300000576,11.909158000000389
500,0.7,174650,ford-fulkerson,2,3472,2.954828099998849,0.08361299999887706,3.0384410999977263
500,0.7,174650,Edmonds-Karp,2,3472,1.812487900000633,0.07931760000064969,1.8918055000012828
500,0.7,174650,cplex,3,3554.0,0.5455378999995446,10.714432699998724,11.259970599998269
500,0.7,174650,ford-fulkerson,3,3554,2.306417900001179,0.082607199999984,2.389025100001163
500,0.7,174650,Edmonds-Karp,3,3554,1.332075199999963,0.07614009999997506,1.408215299999938
500,0.7,174650,cplex,4,3631.0,0.5506242999999813,11.382993399998668,11.93361769999865
500,0.7,174650,ford-fulkerson,4,3631,2.912082200000441,0.08178299999963201,2.993865200000073
500,0.7,174650,Edmonds-Karp,4,3631,1.7787956000011036,0.07596499999999651,1.8547606000011
500,0.7,174650,cplex,5,3453.0,0.5548840000010387,11.533052900000257,12.087936900001296
500,0.7,174650,ford-fulkerson,5,3453,2.939426999999341,0.08460419999937585,3.024031199998717
500,0.7,174650,Edmonds-Karp,5,3453,1.8034606999990501,0.07766220000121393,1.881122900000264
500,0.9,224550,cplex,1,4699.0,0.7154279999995197,14.648984500001461,15.36441250000098
500,0.9,224550,ford-fulkerson,1,4699,3.8552753999993,0.10143590000006952,3.9567112999993697
500,0.9,224550,Edmonds-Karp,1,4699,2.6398327000006248,0.09877509999932954,2.7386077999999543
500,0.9,224550,cplex,2,4593.0,0.6977674999998271,14.10361870000088,14.801386200000707
500,0.9,224550,ford-fulkerson,2,4593,3.5135073000001285,0.10282000000006519,3.6163273000001936
500,0.9,224550,Edmonds-Karp,2,4593,2.351035399999091,0.1043971999988571,2.4554325999979483
500,0.9,224550,cplex,3,4650.0,0.6845518999998603,14.038901400001123,14.723453300000983
500,0.9,224550,ford-fulkerson,3,4650,3.405062399999224,0.10695490000034624,3.5120172999995702
500,0.9,224550,Edmonds-Karp,3,4650,2.0858275999999023,0.10058790000039153,2.186415500000294
500,0.9,224550,cplex,4,4445.0,0.6777323000005708,14.264279500001066,14.942011800001637
500,0.9,224550,ford-fulkerson,4,4445,3.823016299998926,0.10278800000014598,3.925804299999072
500,0.9,224550,Edmonds-Karp,4,4445,2.5869903000002523,0.09969710000041232,2.6866874000006646
500,0.9,224550,cplex,5,4869.0,0.6681386999989627,13.961095199998454,14.629233899997416
500,0.9,224550,ford-fulkerson,5,4869,3.8679312000003847,0.10367980000046373,3.9716110000008484
500,0.9,224550,Edmonds-Karp,5,4869,2.282030999998824,0.09952370000064548,2.3815546999994694
500,1,248502,cplex,1,5178.0,0.7602463999992324,16.156865500001004,16.917111900000236
500,1,248502,ford-fulkerson,1,5178,4.107665999999881,0.11620729999958712,4.223873299999468
500,1,248502,Edmonds-Karp,1,5178,2.5245176999997057,0.11009439999907045,2.634612099998776
500,1,248502,cplex,2,5185.0,0.7299452000006568,16.15549269999974,16.885437900000397
500,1,248502,ford-fulkerson,2,5185,4.489896099999896,0.11584620000030554,4.605742300000202
500,1,248502,Edmonds-Karp,2,5185,2.731463399999484,0.1201005000002624,2.8515638999997464
500,1,248502,cplex,3,5216.0,0.7512325000006967,15.724083000000974,16.47531550000167
500,1,248502,ford-fulkerson,3,5216,3.9172608999997465,0.10994650000066031,4.027207400000407
500,1,248502,Edmonds-Karp,3,5216,2.448543399999835,0.11008580000088841,2.5586292000007234
500,1,248502,cplex,4,5138.0,0.7697450000014214,16.4096499999996,17.179395000001023
500,1,248502,ford-fulkerson,4,5138,3.7173118999999133,0.11887810000007448,3.8361899999999878
500,1,248502,Edmonds-Karp,4,5138,2.28010600000016,0.11386359999960405,2.393969599999764
500,1,248502,cplex,5,5225.0,0.7480328000001464,16.644998799998575,17.39303159999872
500,1,248502,ford-fulkerson,5,5225,4.5539443000016036,0.11619870000140509,4.670143000003009
500,1,248502,Edmonds-Karp,5,5225,2.447258000000147,0.11134380000112287,2.55860180000127
750,0.1,56175,cplex,1,670.0,0.16965960000015912,3.782083899999634,3.951743499999793
750,0.1,56175,ford-fulkerson,1,670,0.4921386000005441,0.03093749999970896,0.5230761000002531
750,0.1,56175,Edmonds-Karp,1,670,0.24527600000146776,0.026124599999093334,0.2714006000005611
750,0.1,56175,cplex,2,770.0,0.17056210000009742,4.019305899999381,4.189867999999478
750,0.1,56175,ford-fulkerson,2,770,0.6936685999990004,0.03072249999968335,0.7243910999986838
750,0.1,56175,Edmonds-Karp,2,770,0.41228549999868846,0.02546489999986079,0.43775039999854926
750,0.1,56175,cplex,3,648.0,0.17878299999938463,4.176401000000624,4.355184000000008
750,0.1,56175,ford-fulkerson,3,648,0.49811380000028294,0.031231099999786238,0.5293449000000692
750,0.1,56175,Edmonds-Karp,3,648,0.2535287000009703,0.025473600000623264,0.27900230000159354
750,0.1,56175,cplex,4,604.0,0.17508679999991728,3.82226879999871,3.9973555999986274
750,0.1,56175,ford-fulkerson,4,604,0.4280638000000181,0.033932199999981094,0.4619959999999992
750,0.1,56175,Edmonds-Karp,4,604,0.1344139000011637,0.0261160000009113,0.160529900002075
750,0.1,56175,cplex,5,674.0,0.1660689000000275,4.2960431999999855,4.462112100000013
750,0.1,56175,ford-fulkerson,5,674,0.6724068999992596,0.03125689999978931,0.7036637999990489
750,0.1,56175,Edmonds-Karp,5,674,0.4282995000012306,0.025981000000683707,0.45428050000191433
750,0.3,168525,cplex,1,2274.0,0.5672074000012799,15.732810000001336,16.300017400002616
750,0.3,168525,ford-fulkerson,1,2274,2.906571999999869,0.0921965999987151,2.9987685999985842
750,0.3,168525,Edmonds-Karp,1,2274,1.3394876000002114,0.08200079999915033,1.4214883999993617
750,0.3,168525,cplex,2,1904.0,0.5508597000007285,15.790692099999433,16.34155180000016
750,0.3,168525,ford-fulkerson,2,1904,2.6696241999998165,0.09205610000026354,2.76168030000008
750,0.3,168525,Edmonds-Karp,2,1904,1.0691167000004498,0.0804007000006095,1.1495174000010593
750,0.3,168525,cplex,3,2356.0,0.565064500000517,15.406629900000553,15.97169440000107
750,0.3,168525,ford-fulkerson,3,2356,3.016934899998887,0.09329190000062226,3.1102267999995092
750,0.3,168525,Edmonds-Karp,3,2356,1.1615041999993991,0.0819560999989335,1.2434602999983326
750,0.3,168525,cplex,4,2129.0,0.5382327000006626,15.650273200000811,16.188505900001473
750,0.3,168525,ford-fulkerson,4,2129,2.3555001000004268,0.0932941999999457,2.4487943000003725
750,0.3,168525,Edmonds-Karp,4,2129,0.8934556000003795,0.08190749999994296,0.9753631000003224
750,0.3,168525,cplex,5,2215.0,0.5736645000015415,15.281894899999315,15.855559400000857
750,0.3,168525,ford-fulkerson,5,2215,2.849906400000691,0.09380480000072566,2.9437112000014167
750,0.3,168525,Edmonds-Karp,5,2215,1.2291560000012396,0.08040689999870665,1.3095628999999462
750,0.5,280875,cplex,1,3568.0,0.9049841999985802,25.163089700001365,26.068073899999945
750,0.5,280875,ford-fulkerson,1,3568,5.960675999998784,0.15149539999947592,6.11217139999826
750,0.5,280875,Edmonds-Karp,1,3568,3.8824291999990237,0.13352900000063528,4.015958199999659
750,0.5,280875,cplex,2,3896.0,0.903958099999727,24.71438820000003,25.618346299999757
750,0.5,280875,ford-fulkerson,2,3896,5.085886599999867,0.15157209999961196,5.237458699999479
750,0.5,280875,Edmonds-Karp,2,3896,3.6251561000008223,0.13387589999911143,3.7590319999999338
750,0.5,280875,cplex,3,3626.0,0.9063174000002618,24.271596200000204,25.177913600000466
750,0.5,280875,ford-fulkerson,3,3626,5.78503660000024,0.15064519999941695,5.9356817999996565
750,0.5,280875,Edmonds-Karp,3,3626,3.423121400001037,0.13582440000027418,3.558945800001311
750,0.5,280875,cplex,4,3788.0,0.96630980000009,23.80073259999881,24.7670423999989
750,0.5,280875,ford-fulkerson,4,3788,5.983059999998659,0.17012079999949492,6.153180799998154
750,0.5,280875,Edmonds-Karp,4,3788,3.649864000000889,0.13476960000116378,3.784633600002053
750,0.5,280875,cplex,5,4025.0,0.8977529000003415,25.137373799998386,26.035126699998727
750,0.5,280875,ford-fulkerson,5,4025,5.50504329999967,0.15138839999963238,5.6564316999993025
750,0.5,280875,Edmonds-Karp,5,4025,3.421881199999916,0.13712219999979425,3.5590033999997104
750,0.7,393225,cplex,1,5461.0,1.2836678999992728,33.54410810000081,34.827776000000085
750,0.7,393225,ford-fulkerson,1,5461,8.66633980000006,0.21599659999992582,8.882336399999986
750,0.7,393225,Edmonds-Karp,1,5461,8.323775200000455,0.1968048999988241,8.520580099999279
750,0.7,393225,cplex,2,5290.0,1.3551375000006374,34.01162490000024,35.36676240000088
750,0.7,393225,ford-fulkerson,2,5290,8.464616200000819,0.2163252000009379,8.680941400001757
750,0.7,393225,Edmonds-Karp,2,5290,7.331626700000925,0.20024729999931878,7.5318740000002435
750,0.7,393225,cplex,3,5455.0,1.3003122999998595,33.52099029999954,34.8213025999994
750,0.7,393225,ford-fulkerson,3,5455,9.262180599998828,0.2186902999983431,9.480870899997171
750,0.7,393225,Edmonds-Karp,3,5455,8.262984900000447,0.19772220000049856,8.460707100000946
750,0.7,393225,cplex,4,4926.0,1.3643503000002966,34.35380520000035,35.71815550000065
750,0.7,393225,ford-fulkerson,4,4926,6.892881899999338,0.22082240000054298,7.113704299999881
750,0.7,393225,Edmonds-Karp,4,4926,6.745567999998457,0.19969490000039514,6.945262899998852
750,0.7,393225,cplex,5,5582.0,1.3707985000000917,34.536741599999004,35.907540099999096
750,0.7,393225,ford-fulkerson,5,5582,7.1686344999998255,0.4681658999998035,7.636800399999629
750,0.7,393225,Edmonds-Karp,5,5582,7.011044000000766,0.20432640000035462,7.21537040000112
750,0.9,505575,cplex,1,7084.0,1.8070041999999376,43.7174200999998,45.52442429999974
750,0.9,505575,ford-fulkerson,1,7084,13.115051900000253,0.28742869999950926,13.402480599999762
750,0.9,505575,Edmonds-Karp,1,7084,12.523331400001553,0.2671965999998065,12.790528000001359
750,0.9,505575,cplex,2,6990.0,1.7749694000012823,43.417234200000166,45.19220360000145
750,0.9,505575,ford-fulkerson,2,6990,9.50366650000069,0.2945641999995132,9.798230700000204
750,0.9,505575,Edmonds-Karp,2,6990,10.673844300001292,0.27740369999992254,10.951248000001215
750,0.9,505575,cplex,3,6724.0,1.8042616999991878,42.86408680000022,44.66834849999941
750,0.9,505575,ford-fulkerson,3,6724,9.592910199999096,0.28129400000034366,9.87420419999944
750,0.9,505575,Edmonds-Karp,3,6724,11.170705099999395,0.2687621000004583,11.439467199999854
750,0.9,505575,cplex,4,6921.0,1.7927208999990398,43.6103578000002,45.40307869999924
750,0.9,505575,ford-fulkerson,4,6921,9.28491220000069,0.27908360000037646,9.563995800001067
750,0.9,505575,Edmonds-Karp,4,6921,10.77857159999985,0.2690583000003244,11.047629900000175
750,0.9,505575,cplex,5,7121.0,1.760320600000341,42.808543299999656,44.5688639
750,0.9,505575,ford-fulkerson,5,7121,10.767860800000562,0.28488149999975576,11.052742300000318
750,0.9,505575,Edmonds-Karp,5,7121,12.091181199999482,0.26806049999868264,12.359241699998165
750,1,560252,cplex,1,7831.0,1.88878509999995,46.63648339999963,48.525268499999584
750,1,560252,ford-fulkerson,1,7831,12.482234900000549,0.3152592000005825,12.797494100001131
750,1,560252,Edmonds-Karp,1,7831,14.07700819999991,0.30230399999891233,14.379312199998822
750,1,560252,cplex,2,7885.0,1.9017831000001024,47.985363899999356,49.88714699999946
750,1,560252,ford-fulkerson,2,7885,13.124094499999046,0.3185886000010214,13.442683100000067
750,1,560252,Edmonds-Karp,2,7885,13.246334500001467,0.30208220000167785,13.548416700003145
750,1,560252,cplex,3,7875.0,1.9248084999999264,46.86697429999913,48.791782799999055
750,1,560252,ford-fulkerson,3,7875,12.064428300000145,0.3152092000000266,12.379637500000172
750,1,560252,Edmonds-Karp,3,7875,14.124018500000602,0.30667040000116685,14.430688900001769
750,1,560252,cplex,4,7931.0,1.9601659999989351,48.45013669999935,50.41030269999828
750,1,560252,ford-fulkerson,4,7931,14.299364999998943,0.32067839999945136,14.620043399998394
750,1,560252,Edmonds-Karp,4,7931,14.070636600001308,0.3110962999999174,14.381732900001225
750,1,560252,cplex,5,7822.0,1.948959700001069,47.690257700000075,49.639217400001144
750,1,560252,ford-fulkerson,5,7822,11.324961199999962,0.31035069999961706,11.635311899999579
750,1,560252,Edmonds-Karp,5,7822,12.511414300000979,0.30275459999938903,12.814168900000368
1000,0.1,99900,cplex,1,997.0,0.340586300000723,12.032133300001078,12.372719600001801
1000, 0.1, 99900, 'cplex', 1, 886.0, 0.336019700000179, 8.300320799999099, 8.636340499999278
1000, 0.1, 99900, 'ford-fulkerson', 1, 886, 1.2205935999991198, 0.055694900000162306, 1.276288499999282
1000, 0.1, 99900, 'Edmonds-Karp', 1, 886, 0.6453806000008626, 0.047371900000143796, 0.6927525000010064
1000, 0.1, 99900, 'cplex', 2, 792.0, 0.35204220000014175, 8.90434809999897, 9.256390299999111
1000, 0.1, 99900, 'ford-fulkerson', 2, 792, 1.2593637999998464, 0.0581638000003295, 1.3175276000001759
1000, 0.1, 99900, 'Edmonds-Karp', 2, 792, 0.49922089999927266, 0.04818630000045232, 0.547407199999725
1000, 0.1, 99900, 'cplex', 3, 1130.0, 0.35245080000095186, 8.721862000000328, 9.07431280000128
1000, 0.1, 99900, 'ford-fulkerson', 3, 1130, 1.4870861999988847, 0.05603809999956866, 1.5431242999984534
1000, 0.1, 99900, 'Edmonds-Karp', 3, 1130, 0.35130299999946146, 0.0476926999999705, 0.39899569999943196
1000, 0.1, 99900, 'cplex', 4, 1051.0, 0.3497992999982671, 9.189119000000574, 9.53891829999884
1000, 0.1, 99900, 'ford-fulkerson', 4, 1051, 1.4656737000004796, 0.05634989999998652, 1.522023600000466
1000, 0.1, 99900, 'Edmonds-Karp', 4, 1051, 0.6704699999991135, 0.048695399998905486, 0.719165399998019
1000, 0.1, 99900, 'cplex', 5, 727.0, 0.3532684000001609, 8.05270820000078, 8.40597660000094
1000, 0.1, 99900, 'ford-fulkerson', 5, 727, 1.1823932000006607, 0.05671939999956521, 1.239112600000226
1000, 0.1, 99900, 'Edmonds-Karp', 5, 727, 0.48847250000108033, 0.04796149999856425, 0.5364339999996446
1000, 0.3, 299700, 'cplex', 1, 3102.0, 1.0879832000009628, 29.668532899999263, 30.756516100000226
1000, 0.3, 299700, 'ford-fulkerson', 1, 3102, 7.588484100000642, 0.1706768000003649, 7.759160900001007
1000, 0.3, 299700, 'Edmonds-Karp', 1, 3102, 3.303203100000246, 0.14630880000004254, 3.4495119000002887
1000, 0.3, 299700, 'cplex', 2, 3160.0, 1.0838572000011482, 28.619276200000968, 29.703133400002116
1000, 0.3, 299700, 'ford-fulkerson', 2, 3160, 7.318703500000993, 0.16974500000105763, 7.48844850000205
1000, 0.3, 299700, 'Edmonds-Karp', 2, 3160, 3.3995384000008926, 0.15367300000070827, 3.553211400001601
1000, 0.3, 299700, 'cplex', 3, 3230.0, 1.095011200000954, 29.784221500000058, 30.879232700001012
1000, 0.3, 299700, 'ford-fulkerson', 3, 3230, 5.493212600000334, 0.1704379999991943, 5.663650599999528
1000, 0.3, 299700, 'Edmonds-Karp', 3, 3230, 2.8221204000001308, 0.1462405000002036, 2.9683609000003344
1000, 0.3, 299700, 'cplex', 4, 3252.0, 1.0924022999988665, 29.34773909999967, 30.440141399998538
1000, 0.3, 299700, 'ford-fulkerson', 4, 3252, 7.571622100000241, 0.16773669999929552, 7.739358799999536
1000, 0.3, 299700, 'Edmonds-Karp', 4, 3252, 4.5366083000008075, 0.14841689999957453, 4.685025200000382
1000, 0.3, 299700, 'cplex', 5, 3025.0, 1.0804062000006525, 30.496858099999372, 31.577264300000024
1000, 0.3, 299700, 'ford-fulkerson', 5, 3025, 7.657997399999658, 0.16812820000086504, 7.826125600000523
1000, 0.3, 299700, 'Edmonds-Karp', 5, 3025, 5.069594000000507, 0.15406410000105097, 5.223658100001558
1000, 0.5, 499500, 'cplex', 1, 5201.0, 1.9967476000001625, 47.5479708999992, 49.54471849999936
1000, 0.5, 499500, 'ford-fulkerson', 1, 5201, 14.211348900000303, 0.2924397000006138, 14.503788600000917
1000, 0.5, 499500, 'Edmonds-Karp', 1, 5201, 12.77009790000011, 0.25633639999978186, 13.026434299999892
1000, 0.5, 499500, 'cplex', 2, 5132.0, 1.976188499998898, 48.90005569999994, 50.87624419999884
1000, 0.5, 499500, 'ford-fulkerson', 2, 5132, 11.797390100000484, 0.29611599999952887, 12.093506100000013
1000, 0.5, 499500, 'Edmonds-Karp', 2, 5132, 10.65028109999912, 0.2540341999992961, 10.904315299998416
1000, 0.5, 499500, 'cplex', 3, 5172.0, 1.9953811000013957, 48.73072180000054, 50.72610290000193
1000, 0.5, 499500, 'ford-fulkerson', 3, 5172, 13.59884890000103, 0.28301180000016757, 13.881860700001198
1000, 0.5, 499500, 'Edmonds-Karp', 3, 5172, 13.57638119999865, 0.25793739999971876, 13.834318599998369
1000, 0.5, 499500, 'cplex', 4, 5116.0, 2.01650890000019, 49.917113899999094, 51.933622799999284
1000, 0.5, 499500, 'ford-fulkerson', 4, 5116, 13.148154700000305, 0.2799272000011115, 13.428081900001416
1000, 0.5, 499500, 'Edmonds-Karp', 4, 5116, 11.063324400000056, 0.2545702999996138, 11.31789469999967
1000, 0.5, 499500, 'cplex', 5, 5290.0, 2.0724914000002173, 48.527399499998864, 50.59989089999908
1000, 0.5, 499500, 'ford-fulkerson', 5, 5290, 13.165410899999188, 0.2825401999998576, 13.447951099999045
1000, 0.5, 499500, 'Edmonds-Karp', 5, 5290, 11.888566500001616, 0.2613796000005095, 12.149946100002126
1000, 0.7, 699300, 'cplex', 1, 7440.0, 2.798913900000116, 68.25335559999985, 71.05226949999997
1000, 0.7, 699300, 'ford-fulkerson', 1, 7440, 19.488805999999386, 0.4063339000003907, 19.895139899999776
1000, 0.7, 699300, 'Edmonds-Karp', 1, 7440, 26.364802000000054, 0.3768880000006902, 26.741690000000744
1000, 0.7, 699300, 'cplex', 2, 7709.0, 2.9911561999997502, 69.67414979999921, 72.66530599999896
1000, 0.7, 699300, 'ford-fulkerson', 2, 7709, 21.898761899999954, 0.41690660000131174, 22.315668500001266
1000, 0.7, 699300, 'Edmonds-Karp', 2, 7709, 28.752078499999698, 0.3883473999994749, 29.140425899999173
1000, 0.7, 699300, 'cplex', 3, 7319.0, 3.006335100000797, 68.61671949999982, 71.62305460000061
1000, 0.7, 699300, 'ford-fulkerson', 3, 7319, 20.37170309999965, 0.45012429999951564, 20.821827399999165
1000, 0.7, 699300, 'Edmonds-Karp', 3, 7319, 29.925238499999978, 0.37723989999904006, 30.302478399999018
1000, 0.7, 699300, 'cplex', 4, 7193.0, 2.9968122000009316, 68.86360290000084, 71.86041510000177
1000, 0.7, 699300, 'ford-fulkerson', 4, 7193, 18.92123559999891, 0.4460361000001285, 19.367271699999037
1000, 0.7, 699300, 'Edmonds-Karp', 4, 7193, 26.158583999998882, 0.3757239999995363, 26.53430799999842
1000, 0.7, 699300, 'cplex', 5, 7284.0, 2.9791546000014932, 70.4198998999982, 73.39905449999969
1000, 0.7, 699300, 'ford-fulkerson', 5, 7284, 17.514349400000356, 0.407494900002348, 17.921844300002704
1000, 0.7, 699300, 'Edmonds-Karp', 5, 7284, 24.94325369999933, 0.38671959999919636, 25.329973299998528
1000, 0.9, 899100, 'cplex', 1, 9837.0, 3.7602895999989414, 87.15372760000173, 90.91401720000067
1000, 0.9, 899100, 'ford-fulkerson', 1, 9837, 28.867774300000747, 0.5276976999994076, 29.395472000000154
1000, 0.9, 899100, 'Edmonds-Karp', 1, 9837, 42.36661680000179, 0.5081917999996222, 42.874808600001415
1000, 0.9, 899100, 'cplex', 2, 9370.0, 3.6706918999989284, 88.25895499999751, 91.92964689999644
1000, 0.9, 899100, 'ford-fulkerson', 2, 9370, 23.731107899999188, 0.5378037000009499, 24.268911600000138
1000, 0.9, 899100, 'Edmonds-Karp', 2, 9370, 38.67006010000114, 0.5070242000001599, 39.1770843000013
1000, 0.9, 899100, 'cplex', 3, 9415.0, 3.828762799999822, 87.23697379999794, 91.06573659999776
1000, 0.9, 899100, 'ford-fulkerson', 3, 9415, 27.69920369999818, 0.5261052000023483, 28.225308900000528
1000, 0.9, 899100, 'Edmonds-Karp', 3, 9415, 42.64869069999986, 0.510804300000018, 43.15949499999988
1000, 0.9, 899100, 'cplex', 4, 9285.0, 3.7330308000018704, 88.99838900000032, 92.73141980000219
1000, 0.9, 899100, 'ford-fulkerson', 4, 9285, 26.999435099998664, 0.5280753000006371, 27.5275103999993
1000, 0.9, 899100, 'Edmonds-Karp', 4, 9285, 43.618054099999426, 0.5112084000029427, 44.12926250000237
1000, 0.9, 899100, 'cplex', 5, 9697.0, 3.7979372999980114, 89.15262309999889, 92.9505603999969
1000, 0.9, 899100, 'ford-fulkerson', 5, 9697, 27.999823500002094, 0.5286503000024823, 28.528473800004576
1000, 0.9, 899100, 'Edmonds-Karp', 5, 9697, 42.318735499997274, 0.5206676999987394, 42.83940319999601
1000, 1, 997002, 'cplex', 1, 10164.0, 4.0719002000005275, 98.65337100000033, 102.72527120000086
1000, 1, 997002, 'ford-fulkerson', 1, 10164, 25.819463499999983, 0.5930093999995734, 26.412472899999557
1000, 1, 997002, 'Edmonds-Karp', 1, 10164, 41.74379620000036, 0.579263900002843, 42.323060100003204
1000, 1, 997002, 'cplex', 2, 10339.0, 4.033771800000977, 98.68995750000249, 102.72372930000347
1000, 1, 997002, 'ford-fulkerson', 2, 10339, 28.0781324999989, 0.6067118999999366, 28.684844399998838
1000, 1, 997002, 'Edmonds-Karp', 2, 10339, 51.04985099999976, 0.5917048000010254, 51.64155580000079
1000, 1, 997002, 'cplex', 3, 10483.0, 4.2735771000006935, 99.9191181999995, 104.1926953000002
1000, 1, 997002, 'ford-fulkerson', 3, 10483, 38.89865920000011, 0.6074614999997721, 39.50612069999988
1000, 1, 997002, 'Edmonds-Karp', 3, 10483, 49.435394299998734, 0.5947394999966491, 50.03013379999538
1000, 1, 997002, 'cplex', 4, 10330.0, 4.086229100001219, 100.00449819999994, 104.09072730000116
1000, 1, 997002, 'ford-fulkerson', 4, 10330, 24.402567400000407, 0.6106216000007407, 25.013189000001148
1000, 1, 997002, 'Edmonds-Karp', 4, 10330, 42.12493919999906, 0.5922824000008404, 42.7172215999999
1000, 1, 997002, 'cplex', 5, 10627.0, 4.092608199996903, 101.28760079999847, 105.38020899999538
1000, 1, 997002, 'ford-fulkerson', 5, 10627, 33.511111699997855, 0.6128493000032904, 34.123961000001145
1000, 1, 997002, 'Edmonds-Karp', 5, 10627, 46.625831900000776, 0.6058163000016066, 47.23164820000238
